[{"model": "admin.logentry", "pk": 1, "fields": {"action_time": "2022-08-23T18:03:54.222Z", "user": 1, "content_type": 6, "object_id": "1", "object_repr": "Смартфоны", "action_flag": 1, "change_message": "[{\"added\": {}}]"}}, {"model": "admin.logentry", "pk": 2, "fields": {"action_time": "2022-08-23T18:04:31.943Z", "user": 1, "content_type": 7, "object_id": "1", "object_repr": "Alpine Green", "action_flag": 1, "change_message": "[{\"added\": {}}]"}}, {"model": "admin.logentry", "pk": 3, "fields": {"action_time": "2022-08-23T18:04:35.889Z", "user": 1, "content_type": 9, "object_id": "1", "object_repr": "128", "action_flag": 1, "change_message": "[{\"added\": {}}]"}}, {"model": "admin.logentry", "pk": 4, "fields": {"action_time": "2022-08-23T18:04:45.301Z", "user": 1, "content_type": 8, "object_id": "1", "object_repr": "6.1", "action_flag": 1, "change_message": "[{\"added\": {}}]"}}, {"model": "admin.logentry", "pk": 5, "fields": {"action_time": "2022-08-23T18:04:49.317Z", "user": 1, "content_type": 10, "object_id": "1", "object_repr": "Смартфон Apple iPhone 13 Pro 128GB Alpine Green", "action_flag": 1, "change_message": "[{\"added\": {}}]"}}, {"model": "admin.logentry", "pk": 6, "fields": {"action_time": "2022-08-23T18:30:00.735Z", "user": 1, "content_type": 6, "object_id": "2", "object_repr": "Часы", "action_flag": 1, "change_message": "[{\"added\": {}}]"}}, {"model": "admin.logentry", "pk": 7, "fields": {"action_time": "2022-08-24T08:22:43.050Z", "user": 1, "content_type": 6, "object_id": "3", "object_repr": "Категории", "action_flag": 1, "change_message": "[{\"added\": {}}]"}}, {"model": "admin.logentry", "pk": 8, "fields": {"action_time": "2022-08-24T08:22:53.761Z", "user": 1, "content_type": 6, "object_id": "1", "object_repr": "Смартфоны", "action_flag": 2, "change_message": "[{\"changed\": {\"fields\": [\"\\u041a\\u0430\\u0442\\u0430\\u043b\\u043e\\u0433\"]}}]"}}, {"model": "admin.logentry", "pk": 9, "fields": {"action_time": "2022-08-24T08:23:02.347Z", "user": 1, "content_type": 6, "object_id": "2", "object_repr": "Часы", "action_flag": 2, "change_message": "[{\"changed\": {\"fields\": [\"\\u041a\\u0430\\u0442\\u0430\\u043b\\u043e\\u0433\"]}}]"}}, {"model": "admin.logentry", "pk": 10, "fields": {"action_time": "2022-08-24T08:23:15.824Z", "user": 1, "content_type": 6, "object_id": "4", "object_repr": "Планшеты", "action_flag": 1, "change_message": "[{\"added\": {}}]"}}, {"model": "admin.logentry", "pk": 11, "fields": {"action_time": "2022-08-24T08:23:35.524Z", "user": 1, "content_type": 6, "object_id": "5", "object_repr": "Компьютеры", "action_flag": 1, "change_message": "[{\"added\": {}}]"}}, {"model": "admin.logentry", "pk": 12, "fields": {"action_time": "2022-08-24T08:24:00.333Z", "user": 1, "content_type": 6, "object_id": "6", "object_repr": "Аксессуары", "action_flag": 1, "change_message": "[{\"added\": {}}]"}}, {"model": "admin.logentry", "pk": 13, "fields": {"action_time": "2022-08-24T08:48:25.741Z", "user": 1, "content_type": 6, "object_id": "3", "object_repr": "Продукты", "action_flag": 2, "change_message": "[{\"changed\": {\"fields\": [\"\\u041a\\u0430\\u0442\\u0435\\u0433\\u043e\\u0440\\u0438\\u044f\", \"Slug\"]}}]"}}, {"model": "admin.logentry", "pk": 14, "fields": {"action_time": "2022-08-26T09:32:15.384Z", "user": 1, "content_type": 7, "object_id": "2", "object_repr": "Pink", "action_flag": 1, "change_message": "[{\"added\": {}}]"}}, {"model": "admin.logentry", "pk": 15, "fields": {"action_time": "2022-08-26T09:33:15.198Z", "user": 1, "content_type": 9, "object_id": "2", "object_repr": "64", "action_flag": 1, "change_message": "[{\"added\": {}}]"}}, {"model": "admin.logentry", "pk": 16, "fields": {"action_time": "2022-08-26T09:33:21.838Z", "user": 1, "content_type": 8, "object_id": "2", "object_repr": "8.3", "action_flag": 1, "change_message": "[{\"added\": {}}]"}}, {"model": "admin.logentry", "pk": 17, "fields": {"action_time": "2022-08-26T09:33:27.484Z", "user": 1, "content_type": 10, "object_id": "2", "object_repr": "Планшет Apple iPad mini Wi-Fi 64GB Pink MLWL3RU/A)", "action_flag": 1, "change_message": "[{\"added\": {}}]"}}, {"model": "admin.logentry", "pk": 18, "fields": {"action_time": "2022-08-26T17:20:07.335Z", "user": 1, "content_type": 7, "object_id": "3", "object_repr": "Blue", "action_flag": 1, "change_message": "[{\"added\": {}}]"}}, {"model": "admin.logentry", "pk": 19, "fields": {"action_time": "2022-08-26T17:20:16.204Z", "user": 1, "content_type": 9, "object_id": "3", "object_repr": "128", "action_flag": 1, "change_message": "[{\"added\": {}}]"}}, {"model": "admin.logentry", "pk": 20, "fields": {"action_time": "2022-08-26T17:21:29.031Z", "user": 1, "content_type": 10, "object_id": "3", "object_repr": "Смартфон Apple iPhone 13 128GB Blue", "action_flag": 1, "change_message": "[{\"added\": {}}]"}}, {"model": "admin.logentry", "pk": 21, "fields": {"action_time": "2022-08-26T17:23:00.214Z", "user": 1, "content_type": 7, "object_id": "4", "object_repr": "Green", "action_flag": 1, "change_message": "[{\"added\": {}}]"}}, {"model": "admin.logentry", "pk": 22, "fields": {"action_time": "2022-08-26T17:23:06.936Z", "user": 1, "content_type": 10, "object_id": "4", "object_repr": "Смартфон Apple iPhone 13 128GB Green", "action_flag": 1, "change_message": "[{\"added\": {}}]"}}, {"model": "admin.logentry", "pk": 23, "fields": {"action_time": "2022-08-26T17:24:18.271Z", "user": 1, "content_type": 10, "object_id": "5", "object_repr": "Смартфон Apple iPhone 13 128GB Pink", "action_flag": 1, "change_message": "[{\"added\": {}}]"}}, {"model": "admin.logentry", "pk": 24, "fields": {"action_time": "2022-08-26T17:25:34.391Z", "user": 1, "content_type": 9, "object_id": "4", "object_repr": "256", "action_flag": 1, "change_message": "[{\"added\": {}}]"}}, {"model": "admin.logentry", "pk": 25, "fields": {"action_time": "2022-08-26T17:25:48.791Z", "user": 1, "content_type": 7, "object_id": "5", "object_repr": "Red", "action_flag": 1, "change_message": "[{\"added\": {}}]"}}, {"model": "admin.logentry", "pk": 26, "fields": {"action_time": "2022-08-26T17:25:55.265Z", "user": 1, "content_type": 10, "object_id": "6", "object_repr": "Смартфон Apple iPhone 13 256GB (PRODUCT)RED", "action_flag": 1, "change_message": "[{\"added\": {}}]"}}, {"model": "admin.logentry", "pk": 27, "fields": {"action_time": "2022-08-26T17:27:22.615Z", "user": 1, "content_type": 7, "object_id": "6", "object_repr": "Graphite", "action_flag": 1, "change_message": "[{\"added\": {}}]"}}, {"model": "admin.logentry", "pk": 28, "fields": {"action_time": "2022-08-26T17:27:40.014Z", "user": 1, "content_type": 8, "object_id": "3", "object_repr": "6.7", "action_flag": 1, "change_message": "[{\"added\": {}}]"}}, {"model": "admin.logentry", "pk": 29, "fields": {"action_time": "2022-08-26T17:27:45.269Z", "user": 1, "content_type": 10, "object_id": "7", "object_repr": "Смартфон Apple iPhone 13 Pro Max 128GB Graphite", "action_flag": 1, "change_message": "[{\"added\": {}}]"}}, {"model": "admin.logentry", "pk": 30, "fields": {"action_time": "2022-08-26T17:29:46.964Z", "user": 1, "content_type": 7, "object_id": "7", "object_repr": "Gold", "action_flag": 1, "change_message": "[{\"added\": {}}]"}}, {"model": "admin.logentry", "pk": 31, "fields": {"action_time": "2022-08-26T17:29:50.848Z", "user": 1, "content_type": 10, "object_id": "8", "object_repr": "Смартфон Apple iPhone 13 Pro Max 128Gb Gold", "action_flag": 1, "change_message": "[{\"added\": {}}]"}}, {"model": "admin.logentry", "pk": 32, "fields": {"action_time": "2022-08-26T17:31:21.956Z", "user": 1, "content_type": 7, "object_id": "8", "object_repr": "Silver", "action_flag": 1, "change_message": "[{\"added\": {}}]"}}, {"model": "admin.logentry", "pk": 33, "fields": {"action_time": "2022-08-26T17:31:54.560Z", "user": 1, "content_type": 10, "object_id": "9", "object_repr": "Смартфон Apple iPhone 13 Pro Max 128Gb Silver", "action_flag": 1, "change_message": "[{\"added\": {}}]"}}, {"model": "admin.logentry", "pk": 34, "fields": {"action_time": "2022-08-26T17:35:31.262Z", "user": 1, "content_type": 10, "object_id": "10", "object_repr": "Смартфон Apple iPhone 13 Pro Max 256GB Alpine Green", "action_flag": 1, "change_message": "[{\"added\": {}}]"}}, {"model": "admin.logentry", "pk": 35, "fields": {"action_time": "2022-08-26T17:36:14.905Z", "user": 1, "content_type": 7, "object_id": "9", "object_repr": "Sierra Blue", "action_flag": 1, "change_message": "[{\"added\": {}}]"}}, {"model": "admin.logentry", "pk": 36, "fields": {"action_time": "2022-08-26T17:37:14.659Z", "user": 1, "content_type": 10, "object_id": "11", "object_repr": "Смартфон Apple iPhone 13 Pro Max 128GB Sierra Blue", "action_flag": 1, "change_message": "[{\"added\": {}}]"}}, {"model": "admin.logentry", "pk": 37, "fields": {"action_time": "2022-08-26T21:48:25.364Z", "user": 1, "content_type": 12, "object_id": "1", "object_repr": "Планшет Apple iPad mini Wi-Fi 64GB Pink MLWL3RU/A)5", "action_flag": 1, "change_message": "[{\"added\": {}}]"}}, {"model": "admin.logentry", "pk": 38, "fields": {"action_time": "2022-09-02T18:13:37.664Z", "user": 1, "content_type": 15, "object_id": "4", "object_repr": "ruslan2@apple.ru", "action_flag": 3, "change_message": ""}}, {"model": "admin.logentry", "pk": 39, "fields": {"action_time": "2022-09-02T18:13:37.667Z", "user": 1, "content_type": 15, "object_id": "5", "object_repr": "ruslan3@apple.ru", "action_flag": 3, "change_message": ""}}, {"model": "admin.logentry", "pk": 40, "fields": {"action_time": "2022-09-02T18:13:37.669Z", "user": 1, "content_type": 15, "object_id": "6", "object_repr": "ruslan4@apple.ru", "action_flag": 3, "change_message": ""}}, {"model": "admin.logentry", "pk": 41, "fields": {"action_time": "2022-09-02T18:13:37.671Z", "user": 1, "content_type": 15, "object_id": "2", "object_repr": "ruslan@admin.ru", "action_flag": 3, "change_message": ""}}, {"model": "admin.logentry", "pk": 42, "fields": {"action_time": "2022-09-02T18:13:37.673Z", "user": 1, "content_type": 15, "object_id": "3", "object_repr": "ruslan@apple.ru", "action_flag": 3, "change_message": ""}}, {"model": "admin.logentry", "pk": 43, "fields": {"action_time": "2022-09-03T09:18:47.971Z", "user": 1, "content_type": 13, "object_id": "1", "object_repr": "admin@apple.ru - 2022-08-23 18:10:13.249626+00:00", "action_flag": 3, "change_message": ""}}, {"model": "admin.logentry", "pk": 44, "fields": {"action_time": "2022-09-03T09:18:47.975Z", "user": 1, "content_type": 13, "object_id": "2", "object_repr": "admin@apple.ru - 2022-08-23 18:10:46.562866+00:00", "action_flag": 3, "change_message": ""}}, {"model": "admin.logentry", "pk": 45, "fields": {"action_time": "2022-09-03T09:18:47.977Z", "user": 1, "content_type": 13, "object_id": "3", "object_repr": "admin@apple.ru - 2022-08-26 09:37:46.991985+00:00", "action_flag": 3, "change_message": ""}}, {"model": "admin.logentry", "pk": 46, "fields": {"action_time": "2022-09-03T09:18:47.978Z", "user": 1, "content_type": 13, "object_id": "4", "object_repr": "admin@apple.ru - 2022-08-26 11:53:40.138964+00:00", "action_flag": 3, "change_message": ""}}, {"model": "admin.logentry", "pk": 47, "fields": {"action_time": "2022-09-03T09:18:47.980Z", "user": 1, "content_type": 13, "object_id": "5", "object_repr": "admin@apple.ru - 2022-08-26 11:53:53.793113+00:00", "action_flag": 3, "change_message": ""}}, {"model": "admin.logentry", "pk": 48, "fields": {"action_time": "2022-09-03T09:18:47.981Z", "user": 1, "content_type": 13, "object_id": "6", "object_repr": "admin@apple.ru - 2022-08-26 13:28:52.673256+00:00", "action_flag": 3, "change_message": ""}}, {"model": "admin.logentry", "pk": 49, "fields": {"action_time": "2022-09-03T09:18:47.983Z", "user": 1, "content_type": 13, "object_id": "7", "object_repr": "admin@apple.ru - 2022-08-26 13:29:04.189072+00:00", "action_flag": 3, "change_message": ""}}, {"model": "admin.logentry", "pk": 50, "fields": {"action_time": "2022-09-03T09:18:47.985Z", "user": 1, "content_type": 13, "object_id": "8", "object_repr": "admin@apple.ru - 2022-08-26 13:30:03.830683+00:00", "action_flag": 3, "change_message": ""}}, {"model": "admin.logentry", "pk": 51, "fields": {"action_time": "2022-09-03T09:18:47.987Z", "user": 1, "content_type": 13, "object_id": "9", "object_repr": "admin@apple.ru - 2022-08-26 13:30:09.343982+00:00", "action_flag": 3, "change_message": ""}}, {"model": "admin.logentry", "pk": 52, "fields": {"action_time": "2022-09-03T09:18:47.988Z", "user": 1, "content_type": 13, "object_id": "10", "object_repr": "admin@apple.ru - 2022-08-26 13:30:53.145832+00:00", "action_flag": 3, "change_message": ""}}, {"model": "admin.logentry", "pk": 53, "fields": {"action_time": "2022-09-03T09:18:47.989Z", "user": 1, "content_type": 13, "object_id": "11", "object_repr": "admin@apple.ru - 2022-08-26 13:31:17.857183+00:00", "action_flag": 3, "change_message": ""}}, {"model": "admin.logentry", "pk": 54, "fields": {"action_time": "2022-09-03T09:18:47.990Z", "user": 1, "content_type": 13, "object_id": "12", "object_repr": "admin@apple.ru - 2022-08-26 13:31:41.592495+00:00", "action_flag": 3, "change_message": ""}}, {"model": "admin.logentry", "pk": 55, "fields": {"action_time": "2022-09-03T09:18:47.992Z", "user": 1, "content_type": 13, "object_id": "13", "object_repr": "admin@apple.ru - 2022-08-26 13:35:30.081239+00:00", "action_flag": 3, "change_message": ""}}, {"model": "admin.logentry", "pk": 56, "fields": {"action_time": "2022-09-03T09:18:47.993Z", "user": 1, "content_type": 13, "object_id": "14", "object_repr": "admin@apple.ru - 2022-08-26 13:38:00.133492+00:00", "action_flag": 3, "change_message": ""}}, {"model": "admin.logentry", "pk": 57, "fields": {"action_time": "2022-09-03T09:18:47.995Z", "user": 1, "content_type": 13, "object_id": "15", "object_repr": "admin@apple.ru - 2022-08-26 13:41:01.654625+00:00", "action_flag": 3, "change_message": ""}}, {"model": "admin.logentry", "pk": 58, "fields": {"action_time": "2022-09-03T09:18:47.997Z", "user": 1, "content_type": 13, "object_id": "16", "object_repr": "admin@apple.ru - 2022-08-26 13:41:56.196201+00:00", "action_flag": 3, "change_message": ""}}, {"model": "admin.logentry", "pk": 59, "fields": {"action_time": "2022-09-03T09:18:47.999Z", "user": 1, "content_type": 13, "object_id": "17", "object_repr": "admin@apple.ru - 2022-08-26 13:45:03.897242+00:00", "action_flag": 3, "change_message": ""}}, {"model": "admin.logentry", "pk": 60, "fields": {"action_time": "2022-09-03T09:18:48.000Z", "user": 1, "content_type": 13, "object_id": "18", "object_repr": "admin@apple.ru - 2022-08-26 13:46:56.994491+00:00", "action_flag": 3, "change_message": ""}}, {"model": "admin.logentry", "pk": 61, "fields": {"action_time": "2022-09-03T09:18:48.001Z", "user": 1, "content_type": 13, "object_id": "19", "object_repr": "admin@apple.ru - 2022-08-26 13:48:05.420747+00:00", "action_flag": 3, "change_message": ""}}, {"model": "admin.logentry", "pk": 62, "fields": {"action_time": "2022-09-03T09:18:48.003Z", "user": 1, "content_type": 13, "object_id": "20", "object_repr": "admin@apple.ru - 2022-08-26 13:51:16.586300+00:00", "action_flag": 3, "change_message": ""}}, {"model": "admin.logentry", "pk": 63, "fields": {"action_time": "2022-09-03T09:18:48.004Z", "user": 1, "content_type": 13, "object_id": "21", "object_repr": "admin@apple.ru - 2022-08-26 18:30:34.291551+00:00", "action_flag": 3, "change_message": ""}}, {"model": "admin.logentry", "pk": 64, "fields": {"action_time": "2022-09-03T09:18:48.005Z", "user": 1, "content_type": 13, "object_id": "22", "object_repr": "admin@apple.ru - 2022-08-27 07:37:28.854040+00:00", "action_flag": 3, "change_message": ""}}, {"model": "admin.logentry", "pk": 65, "fields": {"action_time": "2022-09-03T09:18:48.007Z", "user": 1, "content_type": 13, "object_id": "23", "object_repr": "admin@apple.ru - 2022-08-30 13:48:16.886887+00:00", "action_flag": 3, "change_message": ""}}, {"model": "admin.logentry", "pk": 66, "fields": {"action_time": "2022-09-03T09:18:48.008Z", "user": 1, "content_type": 13, "object_id": "24", "object_repr": "admin@apple.ru - 2022-08-30 13:49:38.969181+00:00", "action_flag": 3, "change_message": ""}}, {"model": "admin.logentry", "pk": 67, "fields": {"action_time": "2022-09-03T09:18:48.009Z", "user": 1, "content_type": 13, "object_id": "25", "object_repr": "admin@apple.ru - 2022-08-30 13:49:45.201142+00:00", "action_flag": 3, "change_message": ""}}, {"model": "admin.logentry", "pk": 68, "fields": {"action_time": "2022-09-03T09:18:48.010Z", "user": 1, "content_type": 13, "object_id": "26", "object_repr": "admin@apple.ru - 2022-08-30 13:50:26.409814+00:00", "action_flag": 3, "change_message": ""}}, {"model": "admin.logentry", "pk": 69, "fields": {"action_time": "2022-09-03T09:18:48.012Z", "user": 1, "content_type": 13, "object_id": "27", "object_repr": "admin@apple.ru - 2022-08-30 13:51:11.947922+00:00", "action_flag": 3, "change_message": ""}}, {"model": "admin.logentry", "pk": 70, "fields": {"action_time": "2022-09-03T09:18:48.013Z", "user": 1, "content_type": 13, "object_id": "28", "object_repr": "admin@apple.ru - 2022-08-30 13:52:03.451951+00:00", "action_flag": 3, "change_message": ""}}, {"model": "admin.logentry", "pk": 71, "fields": {"action_time": "2022-09-03T09:18:48.014Z", "user": 1, "content_type": 13, "object_id": "29", "object_repr": "admin@apple.ru - 2022-08-30 13:54:00.003641+00:00", "action_flag": 3, "change_message": ""}}, {"model": "admin.logentry", "pk": 72, "fields": {"action_time": "2022-09-03T09:18:48.016Z", "user": 1, "content_type": 13, "object_id": "30", "object_repr": "admin@apple.ru - 2022-08-30 13:55:57.138650+00:00", "action_flag": 3, "change_message": ""}}, {"model": "admin.logentry", "pk": 73, "fields": {"action_time": "2022-09-03T09:18:48.017Z", "user": 1, "content_type": 13, "object_id": "31", "object_repr": "admin@apple.ru - 2022-09-02 17:01:22.865029+00:00", "action_flag": 3, "change_message": ""}}, {"model": "admin.logentry", "pk": 74, "fields": {"action_time": "2022-09-03T09:18:48.019Z", "user": 1, "content_type": 13, "object_id": "32", "object_repr": "admin@apple.ru - 2022-09-02 17:04:43.630986+00:00", "action_flag": 3, "change_message": ""}}, {"model": "admin.logentry", "pk": 75, "fields": {"action_time": "2022-09-03T09:18:48.020Z", "user": 1, "content_type": 13, "object_id": "33", "object_repr": "admin@apple.ru - 2022-09-02 17:21:21.788378+00:00", "action_flag": 3, "change_message": ""}}, {"model": "admin.logentry", "pk": 76, "fields": {"action_time": "2022-09-03T09:18:48.021Z", "user": 1, "content_type": 13, "object_id": "35", "object_repr": "admin@apple.ru - 2022-09-02 19:01:23.647994+00:00", "action_flag": 3, "change_message": ""}}, {"model": "admin.logentry", "pk": 77, "fields": {"action_time": "2022-09-03T15:43:48.832Z", "user": 1, "content_type": 13, "object_id": "36", "object_repr": "admin@apple.ru - 2022-09-03 09:19:26.648779+00:00", "action_flag": 3, "change_message": ""}}, {"model": "admin.logentry", "pk": 78, "fields": {"action_time": "2022-09-03T15:43:48.836Z", "user": 1, "content_type": 13, "object_id": "37", "object_repr": "admin@apple.ru - 2022-09-03 09:19:56.550978+00:00", "action_flag": 3, "change_message": ""}}, {"model": "admin.logentry", "pk": 79, "fields": {"action_time": "2022-09-03T15:43:48.837Z", "user": 1, "content_type": 13, "object_id": "38", "object_repr": "admin@apple444.ru - 2022-09-03 14:45:10.127216+00:00", "action_flag": 3, "change_message": ""}}, {"model": "auth.permission", "pk": 1, "fields": {"name": "Can add log entry", "content_type": 1, "codename": "add_logentry"}}, {"model": "auth.permission", "pk": 2, "fields": {"name": "Can change log entry", "content_type": 1, "codename": "change_logentry"}}, {"model": "auth.permission", "pk": 3, "fields": {"name": "Can delete log entry", "content_type": 1, "codename": "delete_logentry"}}, {"model": "auth.permission", "pk": 4, "fields": {"name": "Can view log entry", "content_type": 1, "codename": "view_logentry"}}, {"model": "auth.permission", "pk": 5, "fields": {"name": "Can add permission", "content_type": 2, "codename": "add_permission"}}, {"model": "auth.permission", "pk": 6, "fields": {"name": "Can change permission", "content_type": 2, "codename": "change_permission"}}, {"model": "auth.permission", "pk": 7, "fields": {"name": "Can delete permission", "content_type": 2, "codename": "delete_permission"}}, {"model": "auth.permission", "pk": 8, "fields": {"name": "Can view permission", "content_type": 2, "codename": "view_permission"}}, {"model": "auth.permission", "pk": 9, "fields": {"name": "Can add group", "content_type": 3, "codename": "add_group"}}, {"model": "auth.permission", "pk": 10, "fields": {"name": "Can change group", "content_type": 3, "codename": "change_group"}}, {"model": "auth.permission", "pk": 11, "fields": {"name": "Can delete group", "content_type": 3, "codename": "delete_group"}}, {"model": "auth.permission", "pk": 12, "fields": {"name": "Can view group", "content_type": 3, "codename": "view_group"}}, {"model": "auth.permission", "pk": 13, "fields": {"name": "Can add content type", "content_type": 4, "codename": "add_contenttype"}}, {"model": "auth.permission", "pk": 14, "fields": {"name": "Can change content type", "content_type": 4, "codename": "change_contenttype"}}, {"model": "auth.permission", "pk": 15, "fields": {"name": "Can delete content type", "content_type": 4, "codename": "delete_contenttype"}}, {"model": "auth.permission", "pk": 16, "fields": {"name": "Can view content type", "content_type": 4, "codename": "view_contenttype"}}, {"model": "auth.permission", "pk": 17, "fields": {"name": "Can add session", "content_type": 5, "codename": "add_session"}}, {"model": "auth.permission", "pk": 18, "fields": {"name": "Can change session", "content_type": 5, "codename": "change_session"}}, {"model": "auth.permission", "pk": 19, "fields": {"name": "Can delete session", "content_type": 5, "codename": "delete_session"}}, {"model": "auth.permission", "pk": 20, "fields": {"name": "Can view session", "content_type": 5, "codename": "view_session"}}, {"model": "auth.permission", "pk": 21, "fields": {"name": "Can add Категория", "content_type": 6, "codename": "add_category"}}, {"model": "auth.permission", "pk": 22, "fields": {"name": "Can change Категория", "content_type": 6, "codename": "change_category"}}, {"model": "auth.permission", "pk": 23, "fields": {"name": "Can delete Категория", "content_type": 6, "codename": "delete_category"}}, {"model": "auth.permission", "pk": 24, "fields": {"name": "Can view Категория", "content_type": 6, "codename": "view_category"}}, {"model": "auth.permission", "pk": 25, "fields": {"name": "Can add color", "content_type": 7, "codename": "add_color"}}, {"model": "auth.permission", "pk": 26, "fields": {"name": "Can change color", "content_type": 7, "codename": "change_color"}}, {"model": "auth.permission", "pk": 27, "fields": {"name": "Can delete color", "content_type": 7, "codename": "delete_color"}}, {"model": "auth.permission", "pk": 28, "fields": {"name": "Can view color", "content_type": 7, "codename": "view_color"}}, {"model": "auth.permission", "pk": 29, "fields": {"name": "Can add display", "content_type": 8, "codename": "add_display"}}, {"model": "auth.permission", "pk": 30, "fields": {"name": "Can change display", "content_type": 8, "codename": "change_display"}}, {"model": "auth.permission", "pk": 31, "fields": {"name": "Can delete display", "content_type": 8, "codename": "delete_display"}}, {"model": "auth.permission", "pk": 32, "fields": {"name": "Can view display", "content_type": 8, "codename": "view_display"}}, {"model": "auth.permission", "pk": 33, "fields": {"name": "Can add memory", "content_type": 9, "codename": "add_memory"}}, {"model": "auth.permission", "pk": 34, "fields": {"name": "Can change memory", "content_type": 9, "codename": "change_memory"}}, {"model": "auth.permission", "pk": 35, "fields": {"name": "Can delete memory", "content_type": 9, "codename": "delete_memory"}}, {"model": "auth.permission", "pk": 36, "fields": {"name": "Can view memory", "content_type": 9, "codename": "view_memory"}}, {"model": "auth.permission", "pk": 37, "fields": {"name": "Can add Товар", "content_type": 10, "codename": "add_product"}}, {"model": "auth.permission", "pk": 38, "fields": {"name": "Can change Товар", "content_type": 10, "codename": "change_product"}}, {"model": "auth.permission", "pk": 39, "fields": {"name": "Can delete Товар", "content_type": 10, "codename": "delete_product"}}, {"model": "auth.permission", "pk": 40, "fields": {"name": "Can view Товар", "content_type": 10, "codename": "view_product"}}, {"model": "auth.permission", "pk": 41, "fields": {"name": "Can add Отзыв", "content_type": 11, "codename": "add_review"}}, {"model": "auth.permission", "pk": 42, "fields": {"name": "Can change Отзыв", "content_type": 11, "codename": "change_review"}}, {"model": "auth.permission", "pk": 43, "fields": {"name": "Can delete Отзыв", "content_type": 11, "codename": "delete_review"}}, {"model": "auth.permission", "pk": 44, "fields": {"name": "Can view Отзыв", "content_type": 11, "codename": "view_review"}}, {"model": "auth.permission", "pk": 45, "fields": {"name": "Can add quantity", "content_type": 12, "codename": "add_quantity"}}, {"model": "auth.permission", "pk": 46, "fields": {"name": "Can change quantity", "content_type": 12, "codename": "change_quantity"}}, {"model": "auth.permission", "pk": 47, "fields": {"name": "Can delete quantity", "content_type": 12, "codename": "delete_quantity"}}, {"model": "auth.permission", "pk": 48, "fields": {"name": "Can view quantity", "content_type": 12, "codename": "view_quantity"}}, {"model": "auth.permission", "pk": 49, "fields": {"name": "Can add Заказ", "content_type": 13, "codename": "add_order"}}, {"model": "auth.permission", "pk": 50, "fields": {"name": "Can change Заказ", "content_type": 13, "codename": "change_order"}}, {"model": "auth.permission", "pk": 51, "fields": {"name": "Can delete Заказ", "content_type": 13, "codename": "delete_order"}}, {"model": "auth.permission", "pk": 52, "fields": {"name": "Can view Заказ", "content_type": 13, "codename": "view_order"}}, {"model": "auth.permission", "pk": 53, "fields": {"name": "Can add products in order", "content_type": 14, "codename": "add_productsinorder"}}, {"model": "auth.permission", "pk": 54, "fields": {"name": "Can change products in order", "content_type": 14, "codename": "change_productsinorder"}}, {"model": "auth.permission", "pk": 55, "fields": {"name": "Can delete products in order", "content_type": 14, "codename": "delete_productsinorder"}}, {"model": "auth.permission", "pk": 56, "fields": {"name": "Can view products in order", "content_type": 14, "codename": "view_productsinorder"}}, {"model": "auth.permission", "pk": 57, "fields": {"name": "Can add Пользователь", "content_type": 15, "codename": "add_user"}}, {"model": "auth.permission", "pk": 58, "fields": {"name": "Can change Пользователь", "content_type": 15, "codename": "change_user"}}, {"model": "auth.permission", "pk": 59, "fields": {"name": "Can delete Пользователь", "content_type": 15, "codename": "delete_user"}}, {"model": "auth.permission", "pk": 60, "fields": {"name": "Can view Пользователь", "content_type": 15, "codename": "view_user"}}, {"model": "auth.permission", "pk": 61, "fields": {"name": "Can add Статья", "content_type": 16, "codename": "add_article"}}, {"model": "auth.permission", "pk": 62, "fields": {"name": "Can change Статья", "content_type": 16, "codename": "change_article"}}, {"model": "auth.permission", "pk": 63, "fields": {"name": "Can delete Статья", "content_type": 16, "codename": "delete_article"}}, {"model": "auth.permission", "pk": 64, "fields": {"name": "Can view Статья", "content_type": 16, "codename": "view_article"}}, {"model": "contenttypes.contenttype", "pk": 1, "fields": {"app_label": "admin", "model": "logentry"}}, {"model": "contenttypes.contenttype", "pk": 2, "fields": {"app_label": "auth", "model": "permission"}}, {"model": "contenttypes.contenttype", "pk": 3, "fields": {"app_label": "auth", "model": "group"}}, {"model": "contenttypes.contenttype", "pk": 4, "fields": {"app_label": "contenttypes", "model": "contenttype"}}, {"model": "contenttypes.contenttype", "pk": 5, "fields": {"app_label": "sessions", "model": "session"}}, {"model": "contenttypes.contenttype", "pk": 6, "fields": {"app_label": "catalog", "model": "category"}}, {"model": "contenttypes.contenttype", "pk": 7, "fields": {"app_label": "catalog", "model": "color"}}, {"model": "contenttypes.contenttype", "pk": 8, "fields": {"app_label": "catalog", "model": "display"}}, {"model": "contenttypes.contenttype", "pk": 9, "fields": {"app_label": "catalog", "model": "memory"}}, {"model": "contenttypes.contenttype", "pk": 10, "fields": {"app_label": "catalog", "model": "product"}}, {"model": "contenttypes.contenttype", "pk": 11, "fields": {"app_label": "catalog", "model": "review"}}, {"model": "contenttypes.contenttype", "pk": 12, "fields": {"app_label": "catalog", "model": "quantity"}}, {"model": "contenttypes.contenttype", "pk": 13, "fields": {"app_label": "cart", "model": "order"}}, {"model": "contenttypes.contenttype", "pk": 14, "fields": {"app_label": "cart", "model": "productsinorder"}}, {"model": "contenttypes.contenttype", "pk": 15, "fields": {"app_label": "account", "model": "user"}}, {"model": "contenttypes.contenttype", "pk": 16, "fields": {"app_label": "article", "model": "article"}}, {"model": "sessions.session", "pk": "3xpxylam6lqxdr842r6c78ppi8hpv199", "fields": {"session_data": ".eJxVjDsOwjAQBe_iGll4HZNPSc8ZrF3vMwmgRMqninJ3EikFtDPz3moiL3Mblwlj7NQ0xpnLLxNOb_SH0Bf3z8GmoZ_HTuyR2NNO9jEoPvez_TtoeWr3dZ1r76G4OpHkCUSsxB6Fg4SqdMlRRkg37MhXFBSqWpdaQjIJiv008TibZt22L00YPGg:1oRVmd:bQNYRV3yRk4EFcKtoqnaS6YLM5SBJUPIyw_g53jK0Wc", "expire_date": "2022-09-09T09:37:47.009Z"}}, {"model": "sessions.session", "pk": "7ea54n1qtdg76ql24na0zq467mz0dp8r", "fields": {"session_data": ".eJxVjDsOwjAQBe_iGll4neCYkj5nsLzeZxxAjpRPhbg7iZQC2pl5761CXJcS1hlTGERdlVGnX8YxPVF3IY9Y76NOY12mgfWe6MPOuh8Fr9vR_h2UOJdt7bO3FoKzYU6WQBSFokVjwG3nTDKU0aYLNmQ7agUi4p04cCZGoz5fAzY5HA:1oRWfK:7-yGNH8cxslXBOFbnZDV0miqvMO52097VngNqfPDFDw", "expire_date": "2022-09-09T10:34:18.906Z"}}, {"model": "sessions.session", "pk": "8zlohw3mh7qfnrndqlw0wtlu6g5md1q0", "fields": {"session_data": ".eJxVjDsOwjAQBe_iGll4HZNPSc8ZrF3vMwmgRMqninJ3EikFtDPz3moiL3Mblwlj7NQ0xpnLLxNOb_SH0Bf3z8GmoZ_HTuyR2NNO9jEoPvez_TtoeWr3dZ1r76G4OpHkCUSsxB6Fg4SqdMlRRkg37MhXFBSqWpdaQjIJiv008TibZt22L00YPGg:1oUVYN:4qcIrkHM0yGqX_025wVfFq7dpIr9WF3gE2nJMnEJ5Gg", "expire_date": "2022-09-17T15:59:27.274Z"}}, {"model": "sessions.session", "pk": "dfiv32ak1w9dipjuxce8o17gmp0f59ic", "fields": {"session_data": ".eJxVjDsOwjAQBe_iGll4HZNPSc8ZrF3vMwmgRMqninJ3EikFtDPz3moiL3Mblwlj7NQ0xpnLLxNOb_SH0Bf3z8GmoZ_HTuyR2NNO9jEoPvez_TtoeWr3dZ1r76G4OpHkCUSsxB6Fg4SqdMlRRkg37MhXFBSqWpdaQjIJiv008TibZt22L00YPGg:1oQYMQ:4zgbHkc1teC_wjyv0g0c-Rxe4jUTuKRWvQN14lQxEwQ", "expire_date": "2022-09-06T18:10:46.571Z"}}, {"model": "sessions.session", "pk": "np4159h3i7nhi4o0wx6rgsy4gg98v7ot", "fields": {"session_data": ".eJxVjDsOwjAQBe_iGll4neCYkj5nsLzeZxxAjpRPhbg7iZQC2pl5761CXJcS1hlTGERdlVGnX8YxPVF3IY9Y76NOY12mgfWe6MPOuh8Fr9vR_h2UOJdt7bO3FoKzYU6WQBSFokVjwG3nTDKU0aYLNmQ7agUi4p04cCZGoz5fAzY5HA:1oRWki:8-It13iFexllhu_aHwXg_2waAnEQ_RPZ3YCla8fzsRI", "expire_date": "2022-09-09T10:39:52.817Z"}}, {"model": "sessions.session", "pk": "u2suje6g90y0dmtwk23orndwoxmbmszg", "fields": {"session_data": ".eJxVjDsOwjAQBe_iGll4neCYkj5nsLzeZxxAjpRPhbg7iZQC2pl5761CXJcS1hlTGERdlVGnX8YxPVF3IY9Y76NOY12mgfWe6MPOuh8Fr9vR_h2UOJdt7bO3FoKzYU6WQBSFokVjwG3nTDKU0aYLNmQ7agUi4p04cCZGoz5fAzY5HA:1oQle8:6hUYZWZ9Muo5JtkfjtHC4i50Y9pXhhr2gXa-P8dA_fg", "expire_date": "2022-09-07T08:21:56.830Z"}}, {"model": "sessions.session", "pk": "xblq0g9wibwk8ubarzh6yducqnjzzp9d", "fields": {"session_data": "eyJjYXJ0Ijp7IjIiOnsicXVhbnRpdHkiOjF9fX0:1oU9mn:wFOh3UDT4WXMhR7iLxM9_w09MOQopWqJu7LWt2FPpUQ", "expire_date": "2022-09-16T16:44:53.764Z"}}, {"model": "sessions.session", "pk": "ylehjt69c987955eakqcuinrxuezvq28", "fields": {"session_data": ".eJxVjDsOwjAQBe_iGll4neCYkj5nsLzeZxxAjpRPhbg7iZQC2pl5761CXJcS1hlTGERdlVGnX8YxPVF3IY9Y76NOY12mgfWe6MPOuh8Fr9vR_h2UOJdt7bO3FoKzYU6WQBSFokVjwG3nTDKU0aYLNmQ7agUi4p04cCZGoz5fAzY5HA:1oRW8m:u9IWwdQOK8vVFESzDvN0Ce3pbHHYw3rL5U-zIYhKN-g", "expire_date": "2022-09-09T10:00:40.082Z"}}, {"model": "catalog.category", "pk": 1, "fields": {"name": "Смартфоны", "slug": "smartphones", "parent": 3, "lft": 8, "rght": 9, "tree_id": 1, "level": 1}}, {"model": "catalog.category", "pk": 2, "fields": {"name": "Часы", "slug": "watches", "parent": 3, "lft": 10, "rght": 11, "tree_id": 1, "level": 1}}, {"model": "catalog.category", "pk": 3, "fields": {"name": "Продукты", "slug": "products", "parent": null, "lft": 1, "rght": 12, "tree_id": 1, "level": 0}}, {"model": "catalog.category", "pk": 4, "fields": {"name": "Планшеты", "slug": "planchets", "parent": 3, "lft": 6, "rght": 7, "tree_id": 1, "level": 1}}, {"model": "catalog.category", "pk": 5, "fields": {"name": "Компьютеры", "slug": "computers", "parent": 3, "lft": 4, "rght": 5, "tree_id": 1, "level": 1}}, {"model": "catalog.category", "pk": 6, "fields": {"name": "Аксессуары", "slug": "accessory", "parent": 3, "lft": 2, "rght": 3, "tree_id": 1, "level": 1}}, {"model": "catalog.color", "pk": 1, "fields": {"color": "Alpine Green"}}, {"model": "catalog.color", "pk": 2, "fields": {"color": "Pink"}}, {"model": "catalog.color", "pk": 3, "fields": {"color": "Blue"}}, {"model": "catalog.color", "pk": 4, "fields": {"color": "Green"}}, {"model": "catalog.color", "pk": 5, "fields": {"color": "Red"}}, {"model": "catalog.color", "pk": 6, "fields": {"color": "Graphite"}}, {"model": "catalog.color", "pk": 7, "fields": {"color": "Gold"}}, {"model": "catalog.color", "pk": 8, "fields": {"color": "Silver"}}, {"model": "catalog.color", "pk": 9, "fields": {"color": "Sierra Blue"}}, {"model": "catalog.display", "pk": 1, "fields": {"display": 6.1}}, {"model": "catalog.display", "pk": 2, "fields": {"display": 8.3}}, {"model": "catalog.display", "pk": 3, "fields": {"display": 6.7}}, {"model": "catalog.memory", "pk": 1, "fields": {"memory": 128}}, {"model": "catalog.memory", "pk": 2, "fields": {"memory": 64}}, {"model": "catalog.memory", "pk": 3, "fields": {"memory": 128}}, {"model": "catalog.memory", "pk": 4, "fields": {"memory": 256}}, {"model": "catalog.product", "pk": 1, "fields": {"title": "Смартфон Apple iPhone 13 Pro 128GB Alpine Green", "price": "137999", "category": 1, "description": "iPhone 13 Pro. Новые камеры. Нереальные возможности. iPhone 13 Pro. Грандиозный апгрейд камер Pro. Режим «Киноэффект» делает из видео настоящее кино. Дисплей Super Retina XDR с технологией ProMotion для более быстрого и плавного взаимодействия.", "image": "catalog/30063191bb.jpg_C91TxLQ.webp", "image_url": "https://img.mvideo.ru/Big/small_pic/200/30063194bb.jpg", "memory": 1, "color": 1, "display": 1, "quantity": null, "slug": "smartfon-apple-iphone-13-pro-128gb-alpine-green"}}, {"model": "catalog.product", "pk": 2, "fields": {"title": "Планшет Apple iPad mini Wi-Fi 64GB Pink MLWL3RU/A)", "price": "100000", "category": 4, "description": "Новый iPad mini. Дисплей Liquid Retina 8,3 дюйма на всю переднюю панель.1 Мощный чип A15 Bionic с системой Neural Engine. Сверхширокоугольная фронтальная камера 12 Мп с функцией «В центре внимания». Порт USB‑C. Сверхскоростная беспроводная связь.2 И возможность делать записи, вносить пометки в документы и быстро сохранять свои лучшие идеи с помощью Apple Pencil (2‑го поколения), который крепится к iPad на магнитах и заряжается без проводов.", "image": "catalog/30059126bb.jpg-2.webp", "image_url": "https://img.mvideo.ru/Big/small_pic/65/30059126bb.jpg", "memory": 2, "color": 2, "display": 2, "quantity": null, "slug": "planshet-apple-ipad-mini-wi-fi-64gb-pink-mlwl3rua"}}, {"model": "catalog.product", "pk": 3, "fields": {"title": "Смартфон Apple iPhone 13 128GB Blue", "price": "75999", "category": 1, "description": "iPhone 13. Сильный мира всего. iPhone 13. Самая совершенная система двух камер на iPhone. Режим «Киноэффект» делает из видео настоящее кино. Супербыстрый чип A15 Bionic. Неутомимый аккумулятор. Прочный корпус. И ещё более яркий дисплей Super Retina XDR.", "image": "catalog/30063538bb.jpg.webp", "image_url": "https://img.mvideo.ru/Big/small_pic/200/30063538bb.jpg", "memory": 3, "color": 3, "display": 1, "quantity": null, "slug": "smartfon-apple-iphone-13-128gb-blue"}}, {"model": "catalog.product", "pk": 4, "fields": {"title": "Смартфон Apple iPhone 13 128GB Green", "price": "75999", "category": 1, "description": "iPhone 13. Сильный мира всего.  iPhone 13. Самая совершенная система двух камер на iPhone. Режим «Киноэффект» делает из видео настоящее кино. Супербыстрый чип A15 Bionic. Неутомимый аккумулятор. Прочный корпус. И еще более яркий дисплей Super Retina XDR.", "image": "catalog/30063201bb.jpg.webp", "image_url": "iPhone 13. Сильный мира всего.  iPhone 13. Самая совершенная система двух камер на iPhone. Режим «Киноэффект» делает из видео настоящее кино. Супербыстрый чип A15 Bionic. Неутомимый аккумулятор. Прочный корпус. И еще более яркий дисплей Super Retina XDR.", "memory": 3, "color": 4, "display": 1, "quantity": null, "slug": "smartfon-apple-iphone-13-128gb-green"}}, {"model": "catalog.product", "pk": 5, "fields": {"title": "Смартфон Apple iPhone 13 128GB Pink", "price": "75999", "category": 1, "description": "iPhone 13. Сильный мира всего.  iPhone 13. Самая совершенная система двух камер на iPhone. Режим «Киноэффект» делает из видео настоящее кино. Супербыстрый чип A15 Bionic. Неутомимый аккумулятор. Прочный корпус. И ещё более яркий дисплей Super Retina XDR.", "image": "catalog/30063536bb.jpg.webp", "image_url": "https://img.mvideo.ru/Big/small_pic/200/30063536bb.jpg", "memory": 3, "color": 2, "display": 1, "quantity": null, "slug": "smartfon-apple-iphone-13-128gb-pink"}}, {"model": "catalog.product", "pk": 6, "fields": {"title": "Смартфон Apple iPhone 13 256GB (PRODUCT)RED", "price": "75999", "category": 1, "description": "iPhone 13. Сильный мира всего.  iPhone 13. Самая совершенная система двух камер на iPhone. Режим «Киноэффект» делает из видео настоящее кино. Супербыстрый чип A15 Bionic. Неутомимый аккумулятор. Прочный корпус. И ещё более яркий дисплей Super Retina XDR.", "image": "catalog/30063542bb.jpg.webp", "image_url": "https://img.mvideo.ru/Big/small_pic/200/30063542bb.jpg", "memory": 4, "color": 5, "display": 1, "quantity": null, "slug": "smartfon-apple-iphone-13-256gb-productred"}}, {"model": "catalog.product", "pk": 7, "fields": {"title": "Смартфон Apple iPhone 13 Pro Max 128GB Graphite", "price": "114999", "category": 1, "description": "iPhone 13 Pro Max. Новые камеры. Нереальные возможности.  iPhone 13 Pro Max. Грандиозный апгрейд камер Pro. Режим «Киноэффект» делает из видео настоящее кино. Дисплей Super Retina XDR с технологией ProMotion для более быстрого и плавного взаимодействия. А15 Bionic — самый быстрый чип для iPhone. Прочный корпус и самое долгое время работы без подзарядки среди iPhone.", "image": "catalog/30063580b.jpg.webp", "image_url": "https://img.mvideo.ru/Pdb/small_pic/200/30063580b.jpg", "memory": 3, "color": 6, "display": 3, "quantity": null, "slug": "smartfon-apple-iphone-13-pro-max-128gb-graphite"}}, {"model": "catalog.product", "pk": 8, "fields": {"title": "Смартфон Apple iPhone 13 Pro Max 128Gb Gold", "price": "114990", "category": 1, "description": "iPhone 13. Сильный мира всего.  iPhone 13. Самая совершенная система двух камер на iPhone. Режим «Киноэффект» делает из видео настоящее кино. Супербыстрый чип A15 Bionic. Неутомимый аккумулятор. Прочный корпус. И ещё более яркий дисплей Super Retina XDR.", "image": "catalog/400008765b.jpg.webp", "image_url": "https://img.mvideo.ru/Pdb/small_pic/200/400008765b.jpg", "memory": 1, "color": 7, "display": 3, "quantity": null, "slug": "smartfon-apple-iphone-13-pro-max-128gb-gold"}}, {"model": "catalog.product", "pk": 9, "fields": {"title": "Смартфон Apple iPhone 13 Pro Max 128Gb Silver", "price": "114990", "category": 1, "description": "iPhone 13. Сильный мира всего. iPhone 13. Самая совершенная система двух камер на iPhone. Режим «Киноэффект» делает из видео настоящее кино. Супербыстрый чип A15 Bionic. Неутомимый аккумулятор. Прочный корпус. И ещё более яркий дисплей Super Retina XDR.", "image": "catalog/400008769b.jpg.webp", "image_url": "https://img.mvideo.ru/Pdb/small_pic/200/400008769b.jpg", "memory": 1, "color": 8, "display": 3, "quantity": null, "slug": "smartfon-apple-iphone-13-pro-max-128gb-silver"}}, {"model": "catalog.product", "pk": 10, "fields": {"title": "Смартфон Apple iPhone 13 Pro Max 256GB Alpine Green", "price": "120999", "category": 1, "description": "iPhone 13 Pro Max. Новые камеры. Нереальные возможности. iPhone 13 Pro Max. Грандиозный апгрейд камер Pro. Режим «Киноэффект» делает из видео настоящее кино. Дисплей Super Retina XDR с технологией ProMotion для более быстрого и плавного взаимодействия.", "image": "catalog/30063194bb.jpg.webp", "image_url": "https://img.mvideo.ru/Big/small_pic/200/30063191bb.jpg", "memory": 4, "color": 1, "display": 3, "quantity": null, "slug": "smartfon-apple-iphone-13-pro-max-256gb-alpine-gree"}}, {"model": "catalog.product", "pk": 11, "fields": {"title": "Смартфон Apple iPhone 13 Pro Max 128GB Sierra Blue", "price": "114999", "category": 1, "description": "iPhone 13 Pro Max. Новые камеры. Нереальные возможности. iPhone 13 Pro Max. Грандиозный апгрейд камер Pro. Режим «Киноэффект» делает из видео настоящее кино. Дисплей Super Retina XDR с технологией ProMotion для более быстрого и плавного взаимодействия.", "image": "catalog/30063567b.jpg.webp", "image_url": "https://img.mvideo.ru/Pdb/small_pic/200/30063583b.jpg", "memory": 1, "color": 9, "display": 3, "quantity": null, "slug": "smartfon-apple-iphone-13-pro-max-128gb-sierra-blue"}}, {"model": "catalog.review", "pk": 1, "fields": {"product": 1, "name": "Руслан", "rating": 5, "review": "ывавыы"}}, {"model": "catalog.review", "pk": 2, "fields": {"product": 1, "name": "Руслан", "rating": 5, "review": "Очень хороший телефон"}}, {"model": "cart.order", "pk": 39, "fields": {"customer": 1, "created": "2022-09-03T15:35:14.105Z", "paymentmethod": "Наличные", "first_name_customer": null, "last_name_customer": null, "deliverytype": "Доставка", "address": "г.Москва, ул.Советская, д.247, кв.85", "phone": "+79169479343", "dateofdelivery": "2022-09-16", "total_price": 213998}}, {"model": "cart.productsinorder", "pk": 50, "fields": {"order": 39, "product": 1, "quantity": 1}}, {"model": "cart.productsinorder", "pk": 51, "fields": {"order": 39, "product": 5, "quantity": 1}}, {"model": "account.user", "pk": 1, "fields": {"password": "pbkdf2_sha256$260000$aJ0eHoF7hUND8Z8TZDeKk4$h5T695YaRDUYDq6RSExFjfIeSOXRRdJItS+VcIAsc+o=", "last_login": "2022-09-03T15:25:58.488Z", "is_superuser": true, "is_staff": true, "is_active": true, "date_joined": "2022-08-23T18:02:22.514Z", "email": "admin@apple.ru", "first_name": "Руслан", "last_name": "Казанцев", "city": "Москва", "street": "Советская", "house": "247", "flat": "85", "phone": "+79169479343", "groups": [], "user_permissions": []}}, {"model": "account.user", "pk": 7, "fields": {"password": "pbkdf2_sha256$260000$KoPTjDsZ7WmcPB5fAjB0DA$gyqJhgUcmmrNcFdBsRsulIHW5Nk0r63XsjXIMK1GnJI=", "last_login": null, "is_superuser": false, "is_staff": false, "is_active": true, "date_joined": "2022-09-03T11:15:27.381Z", "email": "admin22@apple.ru", "first_name": null, "last_name": null, "city": null, "street": null, "house": null, "flat": null, "phone": null, "groups": [], "user_permissions": []}}, {"model": "account.user", "pk": 8, "fields": {"password": "pbkdf2_sha256$260000$H9tvfmSs6mNbSO1VWmdSvw$Lqkjig8j9WV3mbFWZSoxbKqur4sIy2AHxeDiFXCMCh8=", "last_login": "2022-09-03T11:16:01.125Z", "is_superuser": false, "is_staff": false, "is_active": true, "date_joined": "2022-09-03T11:15:49.909Z", "email": "admin3@apple.ru", "first_name": null, "last_name": null, "city": null, "street": null, "house": null, "flat": null, "phone": null, "groups": [], "user_permissions": []}}, {"model": "account.user", "pk": 9, "fields": {"password": "pbkdf2_sha256$260000$TXoqo5uV6yLeDSMuDqI1Lx$q/g1bpiX6EqOANXYJaIwWqYa6VyQl1qfB5GNrTP/WRM=", "last_login": null, "is_superuser": false, "is_staff": false, "is_active": true, "date_joined": "2022-09-03T14:19:15.169Z", "email": "admin@apple3.ru", "first_name": null, "last_name": null, "city": null, "street": null, "house": null, "flat": null, "phone": null, "groups": [], "user_permissions": []}}, {"model": "account.user", "pk": 10, "fields": {"password": "pbkdf2_sha256$260000$Aahwjhx5VWLr2ZtCLfmCIY$r16A0kla67xw4SSggZNU/Tu+gBIvq+JfKQJ8znjBG2Q=", "last_login": null, "is_superuser": false, "is_staff": false, "is_active": true, "date_joined": "2022-09-03T14:25:46.454Z", "email": "admin@apple4.ru", "first_name": null, "last_name": null, "city": null, "street": null, "house": null, "flat": null, "phone": null, "groups": [], "user_permissions": []}}, {"model": "account.user", "pk": 11, "fields": {"password": "pbkdf2_sha256$260000$A73C5FhJ8uE5xprSD0deXF$qqlOmbUQrAjJXFNBdVxEXJH9HLiF6E+CRmvpqtVBD5Y=", "last_login": null, "is_superuser": false, "is_staff": false, "is_active": true, "date_joined": "2022-09-03T14:26:20.604Z", "email": "admin@apple5.ru", "first_name": null, "last_name": null, "city": null, "street": null, "house": null, "flat": null, "phone": null, "groups": [], "user_permissions": []}}, {"model": "account.user", "pk": 12, "fields": {"password": "pbkdf2_sha256$260000$q04Poe5UR8J0RLMLK2TWLD$6+96vYP1zgllhMeYOOzKblbOTQU2RNmUbr7gb/e5N74=", "last_login": null, "is_superuser": false, "is_staff": false, "is_active": true, "date_joined": "2022-09-03T14:27:46.361Z", "email": "admin@apple6.ru", "first_name": null, "last_name": null, "city": null, "street": null, "house": null, "flat": null, "phone": null, "groups": [], "user_permissions": []}}, {"model": "account.user", "pk": 13, "fields": {"password": "pbkdf2_sha256$260000$3ilYtWCgdhPNwpk5EezQOL$xgSK9tH8+w0w3N+W1qpQF7Ng2GnwLRuFp9o47SWfEmg=", "last_login": null, "is_superuser": false, "is_staff": false, "is_active": true, "date_joined": "2022-09-03T14:29:57.657Z", "email": "admin@apple7.ru", "first_name": null, "last_name": null, "city": null, "street": null, "house": null, "flat": null, "phone": null, "groups": [], "user_permissions": []}}, {"model": "account.user", "pk": 14, "fields": {"password": "pbkdf2_sha256$260000$5RIqrEdR6qnEMS0srTyPi0$1vOBKgQyMVP3G+CW+A9yRcF/aPH6T3zybaSypVaSEKU=", "last_login": null, "is_superuser": false, "is_staff": false, "is_active": true, "date_joined": "2022-09-03T14:38:09.202Z", "email": "admin222@apple.ru", "first_name": null, "last_name": null, "city": null, "street": null, "house": null, "flat": null, "phone": null, "groups": [], "user_permissions": []}}, {"model": "account.user", "pk": 15, "fields": {"password": "pbkdf2_sha256$260000$SRmtuUGqGVU3gJ81s8LMuV$kPHM6ctqSQenxzj8d8BAgK8/79SHOIKYwkOm+SBv7To=", "last_login": null, "is_superuser": false, "is_staff": false, "is_active": true, "date_joined": "2022-09-03T14:41:23.608Z", "email": "admin333@apple.ru", "first_name": null, "last_name": null, "city": null, "street": null, "house": null, "flat": null, "phone": null, "groups": [], "user_permissions": []}}, {"model": "account.user", "pk": 16, "fields": {"password": "pbkdf2_sha256$260000$jWUUvIRjwYsUdTsZWNO1Rc$4G3gZwMc+VR7PDGG2ngTxAwCIn/isQ1jdIytkRzpPV0=", "last_login": "2022-09-03T14:46:35.324Z", "is_superuser": false, "is_staff": false, "is_active": true, "date_joined": "2022-09-03T14:43:04.754Z", "email": "admin@apple444.ru", "first_name": "Руслан", "last_name": "Казанцев", "city": "Москва", "street": "Ленина", "house": "52", "flat": "22", "phone": "+79169478937", "groups": [], "user_permissions": []}}]